[
    {
        "term" : "Artificial Intelligence (AI)",
        "description" : "The theory and development of computer software/systems able to mimic human intelligence, to perform tasks and assist humans in a myriad of scenarios/environments."
    } ,
    {
        "term" : "Computer Scientist",
        "description" : "A highly skilled individual who creates solutions related to computer programs by combining technology, technical skills, and analytical thinking."
    } ,
    {
        "term" : "Software Development Life Cycle (SDLC)",
        "description" : "A structured process that helps guide a solo or group of professional software developers from the initial idea to a high-quality final product."
    } ,
    {
        "term" : "Variable",
        "description" : "A coding element, that creates a named storage piece in computer memory that holds values. Values include: Integers/Numbers (e.g.: 1, 2, 3), Characters/Strings (e.g.: 'a','b','c', 'Hello World!'), Booleans (e.g.: true/false), and more!"
    }
]